Date,Open,High,Low,Close
5/23/2014,124.099998,124.360001,123.330002,123.370003
5/27/2014,123.760002,123.989998,122.75,122.839996
5/28/2014,122.900002,123.309998,122.519997,122.519997
5/29/2014,122.889999,122.900002,121.650002,122.32
5/30/2014,122.239998,122.879997,122.010002,122.790001
6/2/2014,122.93,123.040001,122.010002,122.209999
6/3/2014,122.389999,122.82,121.720001,122.550003
6/4/2014,122.32,122.68,122,122.349998
6/5/2014,122.529999,123.779999,122.459999,123.519997
6/6/2014,123.699997,124.699997,123.540001,124.190002
6/9/2014,124.010002,124.639999,123.879997,124.370003
6/10/2014,124.980003,125.370003,124.150002,125.339996
6/11/2014,125.129997,125.470001,124.620003,125.18
6/12/2014,125.730003,126.230003,125.419998,126.110001
6/13/2014,125.940002,127.260002,125.900002,127.260002
6/16/2014,127.150002,128.809998,127.139999,128.539993
6/17/2014,127.900002,129.039993,127.57,128.830002
6/18/2014,128.960007,130.5,128.360001,130.279999
6/19/2014,130.289993,132,129.910004,131.990005
6/20/2014,131.949997,132.399994,130.880005,132.339996
6/23/2014,132.520004,133.570007,132.419998,132.979996
6/24/2014,132.740005,133.460007,131.710007,131.770004
6/25/2014,131.339996,132.360001,131.009995,131.229996
6/26/2014,131.210007,131.220001,129.529999,130.919998
6/27/2014,130.729996,130.949997,129.300003,130.360001
6/30/2014,130.149994,130.630005,129.369995,130.550003
7/1/2014,130.940002,131.419998,130.460007,130.539993
7/2/2014,130.529999,130.919998,129.990005,130.229996
7/3/2014,131.440002,131.589996,130.720001,131.190002
7/7/2014,130.440002,130.639999,130.020004,130.470001
7/8/2014,129.699997,130.380005,129.520004,129.899994
7/9/2014,130.270004,131.690002,129.990005,131.389999
7/10/2014,130.479996,130.860001,129.899994,130.25
7/11/2014,129.130005,129.889999,128.029999,128.470001
7/14/2014,128.800003,129.5,128.380005,129.259995
7/15/2014,129.070007,129.5,128.610001,129.259995
7/16/2014,129.889999,130.940002,129.690002,130.889999
7/17/2014,130.639999,131.5,129.880005,130.080002
7/18/2014,130.639999,130.729996,129.580002,130.389999
7/21/2014,130.110001,131.339996,130.009995,131.289993
7/22/2014,131.550003,133.199997,131.550003,132.580002
7/23/2014,132.699997,133.929993,132.479996,133.880005
7/24/2014,134.029999,135.100006,133.690002,134.850006
7/25/2014,134.580002,134.610001,133.059998,133.570007
7/28/2014,133.559998,133.800003,132.889999,133.240005
7/29/2014,132.899994,133.720001,132.419998,132.419998
7/30/2014,132.970001,133.690002,131.5,132.529999
7/31/2014,131.729996,131.970001,129.100006,129.240005
8/1/2014,127.760002,128.960007,126.360001,127.900002
8/4/2014,127.690002,128.360001,126.029999,128.169998
8/5/2014,127.809998,127.809998,124.580002,124.959999
8/6/2014,124.900002,126.970001,124.800003,125.730003
8/7/2014,126.190002,126.730003,124.830002,125.650002
8/8/2014,126.07,127.959999,125.910004,127.860001
8/11/2014,128.160004,128.669998,127.540001,127.709999
8/12/2014,127.139999,127.279999,126.260002,127.089996
8/13/2014,127.639999,128.240005,126.870003,127.599998
8/14/2014,127.68,127.699997,126.529999,126.959999
8/15/2014,126.419998,126.790001,125.68,126.099998
8/18/2014,126.269997,126.589996,125.629997,126.300003
8/19/2014,126.720001,127.699997,126.550003,127.629997
8/20/2014,127.25,127.599998,126.779999,127.489998
8/21/2014,127.68,128.179993,127.18,127.93
8/22/2014,127.019997,127.5,126.470001,127.110001
8/25/2014,127.57,128.070007,127.379997,127.839996
8/26/2014,128.059998,128.710007,127.940002,128.25
8/27/2014,128.410004,128.820007,128.190002,128.639999
8/28/2014,128.279999,128.899994,128.25,128.75
8/29/2014,129,129.529999,128.5,129.449997
9/2/2014,129.199997,129.380005,127.059998,127.540001
9/3/2014,128.449997,128.880005,127.669998,127.860001
9/4/2014,128.210007,128.460007,126.199997,126.800003
9/5/2014,127.150002,127.440002,126.160004,127.400002
9/8/2014,126.68,126.75,125.690002,126.209999
9/9/2014,124.489998,125.790001,124.260002,125.18
9/10/2014,124.459999,124.739998,123.010002,124.279999
9/11/2014,123.279999,124.07,122.410004,123.830002
9/12/2014,123.540001,123.660004,122.209999,122.660004
9/15/2014,122.349998,124.779999,122.059998,124.239998
9/16/2014,124.059998,125.68,123.610001,124.959999
9/17/2014,125.129997,125.489998,124.449997,124.720001
9/18/2014,124.849998,125.040001,123.849998,124.139999
9/19/2014,124.940002,125.699997,124.650002,124.800003
9/22/2014,124.599998,124.919998,123.470001,123.489998
9/23/2014,123.529999,123.980003,122.860001,123.059998
9/24/2014,123.07,123.07,120.849998,122.400002
9/25/2014,122.199997,122.610001,120.68,120.68
9/26/2014,120.550003,122.040001,120.019997,121.470001
9/29/2014,120.720001,120.739998,119.139999,120.550003
9/30/2014,120.510002,120.510002,118.660004,119.32
10/1/2014,118.800003,119.349998,117.379997,117.650002
10/2/2014,117.389999,117.900002,116.129997,117.110001
10/3/2014,118.160004,118.160004,116.400002,117.709999
10/6/2014,117.910004,119.050003,117.279999,118.089996
10/7/2014,117.470001,118.43,116,116.019997
10/8/2014,115.830002,118.25,115.150002,117.949997
10/9/2014,117.019997,117.080002,114.239998,114.510002
10/10/2014,114.699997,115.730003,112.879997,113.889999
10/13/2014,113.550003,114.589996,111.849998,112.029999
10/14/2014,112.599998,113.050003,109.099998,109.779999
10/15/2014,108.57,109.5,106.650002,109.269997
10/16/2014,107.959999,111.32,107.199997,111.059998
10/17/2014,111.779999,112.739998,110.730003,111.800003
10/20/2014,111.529999,112.279999,110.970001,111.489998
10/21/2014,113.18,115.169998,112.910004,115.089996
10/22/2014,115.199997,116.239998,113.910004,114
10/23/2014,116,117.32,114.949997,116.190002
10/24/2014,116.190002,116.260002,114.529999,115.910004
10/27/2014,114.379997,115.370003,113.459999,115.019997
10/28/2014,116.169998,117.269997,115.160004,117.129997
10/29/2014,118,118.93,116.099998,117.139999
10/30/2014,116.18,117.25,115.57,117.199997
10/31/2014,118.349998,120.169998,116.389999,119.949997
11/3/2014,119.830002,119.970001,116.459999,116.779999
11/4/2014,115.989998,116.019997,114.800003,115.370003
11/5/2014,117.269997,117.300003,114.860001,117.050003
11/6/2014,116.900002,118.550003,116.360001,118.529999
11/7/2014,118.75,119.730003,118.360001,118.800003
11/10/2014,119.580002,119.669998,117.309998,117.919998
11/11/2014,117.949997,118.669998,117.300003,118.440002
11/12/2014,117.860001,118.709999,117.379997,117.650002
11/13/2014,117.089996,117.470001,115.639999,116.449997
11/14/2014,115.699997,116.349998,115.419998,116.32
11/17/2014,115.959999,116.150002,115.269997,115.75
11/18/2014,115.970001,116.629997,115.25,115.470001
11/19/2014,115.970001,116.68,115.07,116.470001
11/20/2014,116.160004,117.470001,116.160004,117.309998
11/21/2014,118.790001,118.910004,117.730003,118.580002
11/24/2014,118.129997,118.580002,117.150002,117.589996
11/25/2014,117.800003,117.82,115.629997,116.150002
11/26/2014,116.07,116.349998,115.019997,115.110001
11/28/2014,111.589996,111.690002,108.43,108.870003
12/1/2014,109.379997,112.489998,108.68,111.730003
12/2/2014,111.269997,114.559998,110.889999,114.019997
12/3/2014,114.739998,114.82,113.150002,113.709999
12/4/2014,113.080002,113.080002,111.010002,112.279999
12/5/2014,111.790001,112.290001,110.709999,110.870003
12/8/2014,109.889999,109.940002,106.410004,106.800003
12/9/2014,106.169998,108.150002,106.129997,107.010002
12/10/2014,106.220001,106.25,103.07,104.860001
12/11/2014,104.970001,107.269997,104.300003,104.910004
12/12/2014,103.760002,104.349998,102.370003,102.379997
12/15/2014,103.129997,103.910004,100.419998,100.860001
12/16/2014,100.5,104.470001,100.150002,101.699997
12/17/2014,102.18,106.589996,102.010002,106.019997
12/18/2014,108.010002,109.029999,105.489998,109.029999
12/19/2014,109.529999,112.959999,108.5,112.93
12/22/2014,112.360001,112.989998,111.07,112.029999
12/23/2014,112.760002,114.449997,112.32,113.949997
12/24/2014,113.660004,114.139999,112.07,113.470001
12/26/2014,113.93,114.349998,112.82,113.25
12/29/2014,113.440002,114.379997,112.779999,113.32
12/30/2014,112.93,113.650002,112.150002,113.110001
12/31/2014,111.650002,113.309998,111.529999,112.18
1/2/2015,111.629997,113,110.849998,112.580002
1/5/2015,110.959999,111.199997,107.440002,108.080002
1/6/2015,107.870003,109.019997,106.480003,108.029999
1/7/2015,109.25,109.730003,107.510002,107.940002
1/8/2015,109.190002,110.440002,108.599998,110.410004
1/9/2015,110.139999,110.220001,107.669998,108.209999
1/12/2015,107.470001,107.470001,105.559998,105.879997
1/13/2015,106.919998,107.660004,103.190002,104.199997
1/14/2015,103.199997,104.410004,101.830002,103.900002
1/15/2015,103.900002,104.940002,102.529999,102.669998
1/16/2015,102.470001,105.139999,102.470001,105.120003
1/20/2015,104.559998,106.580002,103.809998,106.470001
1/21/2015,106.790001,108.269997,106.349998,108.160004
1/22/2015,108.760002,109.120003,106.989998,108.919998
1/23/2015,108.220001,108.75,106.730003,106.849998
1/26/2015,107.220001,109.349998,106.32,108.879997
1/27/2015,108.110001,108.809998,107.629997,108.260002
1/28/2015,108.160004,108.169998,103.419998,103.709999
1/29/2015,104.239998,104.629997,101.660004,103
1/30/2015,101.599998,103.279999,98.879997,102.529999
2/2/2015,103.980003,106.129997,102.970001,106.059998
2/3/2015,107.699997,110.110001,107.669998,109.529999
2/4/2015,108.489998,109.279999,107.389999,108.349998
2/5/2015,109.57,110.110001,108.57,109.309998
2/6/2015,109.660004,110.459999,109.110001,109.610001
2/9/2015,109.839996,111.5,109.650002,110.43
2/10/2015,110.519997,110.620003,108.089996,110.18
2/11/2015,108.980003,110.18,108.290001,109.980003
2/12/2015,110.279999,111.050003,109.82,110.860001
2/13/2015,111.349998,112.839996,111.099998,112.779999
2/17/2015,112.309998,112.93,111.519997,112.400002
2/18/2015,111.25,111.650002,110.370003,110.440002
2/19/2015,108.199997,109.580002,107.239998,108.349998
2/20/2015,108.43,108.870003,107.5,108.599998
2/23/2015,107.790001,108.5,107.349998,107.860001
2/24/2015,107.889999,108.239998,107.339996,107.959999
2/25/2015,108.120003,108.779999,107.760002,108.580002
2/26/2015,107.889999,107.919998,106.599998,107.059998
2/27/2015,107.519997,107.730003,106.57,106.68
3/2/2015,106.32,106.339996,104.93,105.900002
3/3/2015,105.879997,106.220001,104.809998,105.160004
3/4/2015,105.639999,105.639999,104.440002,105.160004
3/5/2015,105.010002,105.309998,104.330002,104.730003
3/6/2015,104.220001,104.519997,103.169998,103.550003
3/9/2015,103.599998,105.629997,103.5,103.949997
3/10/2015,103.790001,104.550003,102.330002,102.910004
3/11/2015,103.519997,103.889999,102.449997,103.540001
3/12/2015,104.220001,104.510002,102.300003,102.419998
3/13/2015,101.839996,101.839996,100.660004,101.620003
3/16/2015,101.440002,103.269997,101,103.129997
3/17/2015,102.300003,103.550003,102.099998,103.169998
3/18/2015,102.610001,106.879997,102.370003,106.699997
3/19/2015,105.099998,105.400002,104.650002,104.75
3/20/2015,105.290001,107.260002,105.110001,107.029999
3/23/2015,107.510002,107.690002,105.919998,105.919998
3/24/2015,105.919998,106.190002,104.160004,104.199997
3/25/2015,104.660004,106.199997,104.330002,105.669998
3/26/2015,106.279999,106.519997,104.160004,105.25
3/27/2015,104.989998,104.989998,103.669998,104.279999
3/30/2015,104.970001,107.209999,104.970001,106.900002
3/31/2015,105.620003,106.07,104.879997,104.980003
4/1/2015,105.769997,106.220001,104.5,104.790001
4/2/2015,104.449997,105.68,104.080002,105.279999
4/6/2015,106.029999,107.860001,105.220001,106.919998
4/7/2015,106.970001,109.089996,106.620003,108.540001
4/8/2015,108.860001,108.919998,106.519997,106.660004
4/9/2015,106.800003,107.239998,106.18,106.949997
4/10/2015,107.470001,107.660004,106.809998,106.910004
4/13/2015,107.349998,107.900002,106.440002,106.5
4/14/2015,107.699997,109.089996,107.260002,108.839996
4/15/2015,109.589996,110.690002,109.379997,110.410004
4/16/2015,109.900002,110.940002,109,110.160004
4/17/2015,109.360001,109.690002,108.260002,109.110001
4/20/2015,109.57,111.709999,109.550003,110.290001
4/21/2015,110.050003,110.739998,109.309998,109.730003
4/22/2015,110.050003,110.440002,109.209999,109.5
4/23/2015,110,110.650002,109.599998,109.970001
4/24/2015,109.669998,110.040001,109.029999,109.870003
4/27/2015,110.339996,110.739998,109.540001,109.699997
4/28/2015,110.050003,111.239998,109.650002,111.120003
4/29/2015,110.82,111.989998,110.68,111.730003
4/30/2015,112.040001,112.199997,110.440002,111.059998
5/1/2015,110.279999,110.800003,108.339996,109.040001
5/4/2015,109.379997,109.410004,107.989998,108.32
5/5/2015,109.239998,109.93,108,108
5/6/2015,109.239998,109.529999,107.300003,107.949997
5/7/2015,107.690002,108.199997,106.690002,107.57
5/8/2015,108.290001,108.800003,107.400002,108.650002
5/11/2015,108.650002,108.690002,107.300003,107.360001
5/12/2015,107.440002,108,107.099998,107.559998
5/13/2015,107.980003,108.470001,107.300003,107.699997
5/14/2015,108.019997,109.300003,108.019997,108.449997
5/15/2015,107.209999,108.330002,106.940002,108.029999
5/18/2015,107.5,107.510002,106.580002,106.650002
5/19/2015,106.050003,106.309998,105,105.019997
5/20/2015,105.419998,105.900002,104.760002,105.25
5/21/2015,105.970001,106.269997,105.300003,105.489998
5/22/2015,105.089996,105.550003,104.860001,104.889999
5/26/2015,104.220001,104.440002,102.93,103.290001
5/27/2015,103.199997,103.779999,102.730003,103.110001
5/28/2015,102.959999,103.419998,102.379997,103.239998
5/29/2015,103.139999,103.57,102.669998,103
6/1/2015,103.470001,103.75,102.489998,102.629997
6/2/2015,102.650002,103.110001,102.110001,102.580002
6/3/2015,102.400002,103.379997,102.120003,102.169998
6/4/2015,101.889999,102.370003,100.980003,101.389999
6/5/2015,101.18,103.099998,100.989998,101.589996
6/8/2015,101.290001,101.389999,99.949997,100.419998
6/9/2015,100.699997,101.25,100.220001,100.419998
6/10/2015,102.519997,102.580002,101.519997,101.830002
6/11/2015,101.870003,102.199997,100.940002,101.120003
6/12/2015,100.519997,100.690002,99.629997,99.870003
6/15/2015,99.449997,100.059998,99.129997,99.290001
6/16/2015,99.199997,100.449997,98.809998,100.040001
6/17/2015,100.830002,101.169998,99.519997,99.760002
6/18/2015,100.260002,100.900002,100.150002,100.25
6/19/2015,99.720001,100.169998,99.459999,99.470001
6/22/2015,99.830002,100.370003,99.370003,100.290001
6/23/2015,99.959999,100.43,99.540001,100.089996
6/24/2015,99.980003,100.68,99.269997,99.269997
6/25/2015,99.449997,99.660004,98.290001,98.339996
6/26/2015,98.239998,98.690002,97.809998,98.599998
6/29/2015,97.5,97.959999,96.599998,96.690002
6/30/2015,97.449997,97.660004,96.220001,96.470001
7/1/2015,96.300003,96.620003,95.550003,96.089996
7/2/2015,96.360001,96.669998,95.720001,95.870003
7/6/2015,95.059998,95.559998,94.480003,94.769997
7/7/2015,94.410004,95.480003,93.5,95.269997
7/8/2015,94.589996,95.089996,93.260002,93.559998
7/9/2015,94.900002,95.209999,93.760002,93.779999
7/10/2015,94.529999,94.949997,94.07,94.410004
7/13/2015,94.309998,94.889999,94.150002,94.599998
7/14/2015,94.400002,95.790001,94.389999,95.550003
7/15/2015,95.040001,95.699997,93.889999,94.239998
7/16/2015,94.279999,94.730003,93.900002,94.480003
7/17/2015,94.230003,94.389999,92.900002,93.150002
7/20/2015,93.300003,93.489998,92.589996,92.940002
7/21/2015,93,94.139999,93,93.900002
7/22/2015,93.510002,94.330002,93.290001,93.510002
7/23/2015,93.57,94.07,92.699997,92.940002
7/24/2015,92.779999,92.779999,90.349998,90.599998
7/27/2015,89.860001,90.089996,88.739998,89.139999
7/28/2015,89.449997,92.690002,89.43,92.400002
7/29/2015,91.980003,93.400002,91.440002,93.25
7/30/2015,93.449997,93.809998,92.75,93.029999
7/31/2015,91.519997,91.75,88.010002,88.480003
8/3/2015,87.279999,87.330002,85.32,85.599998
8/4/2015,85.739998,86.900002,84.68,85.209999
8/5/2015,85.440002,86,83.870003,84.029999
8/6/2015,83.559998,85.580002,82.889999,85.190002
8/7/2015,84.709999,85.260002,83.43,83.75
8/10/2015,84.199997,86.099998,83.879997,85.889999
8/11/2015,84.379997,85.980003,83.599998,85.779999
8/12/2015,85,87.110001,84.919998,86.790001
8/13/2015,86.029999,86.339996,85.449997,85.849998
8/14/2015,85.779999,86.419998,85.290001,85.989998
8/17/2015,84.459999,84.510002,83.110001,83.230003
8/18/2015,83.080002,83.769997,82.82,83.440002
8/19/2015,82.870003,82.910004,80.669998,80.910004
8/20/2015,80.660004,81.290001,79.239998,79.239998
8/21/2015,78.870003,79.589996,75.709999,75.760002
8/24/2015,70.550003,75.379997,69.580002,72.120003
8/25/2015,74.93,75.019997,69.839996,70.019997
8/26/2015,71.720001,73.099998,70.949997,73.089996
8/27/2015,75,78.120003,74.559998,77.639999
8/28/2015,77.720001,81.199997,77.580002,80.43
8/31/2015,80.010002,81.080002,77.919998,80.989998
9/1/2015,78.760002,79.389999,77.519997,78.190002
9/2/2015,79.75,79.75,77.230003,78.059998
9/3/2015,78.699997,79.419998,77.690002,78.260002
9/4/2015,77.300003,77.629997,76.449997,76.669998
9/8/2015,77.529999,77.559998,76.239998,76.839996
9/9/2015,77.43,78.199997,74.75,74.919998
9/10/2015,75.730003,75.800003,74.309998,75.660004
9/11/2015,75.940002,76.25,75.089996,75.790001
9/14/2015,75.519997,76,74.959999,75.769997
9/15/2015,76.43,77.690002,76.209999,77.169998
9/16/2015,77.82,79.209999,77.769997,79.019997
9/17/2015,79.120003,80.470001,78.599998,79.410004
9/18/2015,77.910004,78.699997,76.970001,77.739998
9/21/2015,78.300003,78.730003,77.839996,78.089996
9/22/2015,76.839996,77.690002,76.489998,77.25
9/23/2015,77.400002,77.529999,75.760002,76.120003
9/24/2015,75.449997,77.309998,75.099998,76.889999
9/25/2015,77.870003,78.160004,76.919998,77.699997
9/28/2015,76.660004,76.93,75.75,75.769997
9/29/2015,76.040001,76.660004,75.279999,76.25
9/30/2015,77.150002,79.019997,77,78.879997
10/1/2015,79.720001,80.889999,77.809998,78.339996
10/2/2015,77.739998,81.550003,77.309998,81.550003
10/5/2015,82.410004,84.190002,82.349998,84.029999
10/6/2015,84.18,87.629997,84.07,86.989998
10/7/2015,88.25,89.510002,86.279999,88.120003
10/8/2015,87.889999,90.139999,87.800003,89.910004
10/9/2015,90.199997,90.400002,88.669998,89.57
10/12/2015,89.860001,89.980003,87.870003,88.739998
10/13/2015,87.800003,88.940002,87.290001,88.379997
10/14/2015,88.230003,89.970001,87.709999,89.760002
10/15/2015,89.650002,90.870003,88.440002,90.720001
10/16/2015,91.550003,91.660004,90.019997,91.290001
10/19/2015,90.360001,90.540001,89.220001,90.029999
10/20/2015,89.5,90.489998,89.389999,89.989998
10/21/2015,89.440002,90.629997,89.139999,89.330002
10/22/2015,89.739998,91.809998,89.739998,91.620003
10/23/2015,90.75,91.93,90.089996,91.239998
10/26/2015,90.870003,90.879997,88.580002,88.769997
10/27/2015,87.730003,87.959999,86.739998,87.699997
10/28/2015,88.209999,90.120003,87.919998,89.790001
10/29/2015,89.32,90.93,89.139999,89.889999
10/30/2015,91.139999,91.980003,89.410004,90.879997
11/2/2015,90.610001,95.279999,90.480003,94.959999
11/3/2015,95.419998,98.639999,95.419998,98.139999
11/4/2015,98.019997,98.099998,96.080002,96.769997
11/5/2015,96.050003,96.550003,94.330002,94.550003
11/6/2015,93.709999,94.07,91.760002,94.029999
11/9/2015,93.480003,94.449997,92.099998,92.32
11/10/2015,92.099998,93.5,91.839996,93.230003
11/11/2015,93.389999,93.709999,91.860001,92.190002
11/12/2015,90.75,91.150002,89.25,89.860001
11/13/2015,89.57,89.970001,88.190002,88.68
11/16/2015,87.790001,91.470001,87.790001,91.449997
11/17/2015,91.269997,92.5,90.699997,91.029999
11/18/2015,91.440002,92.75,91.029999,92.209999
11/19/2015,92.029999,92.370003,90.43,90.830002
11/20/2015,90.639999,91.309998,88.809998,89.010002
11/23/2015,88.650002,90.440002,88.110001,90.010002
11/24/2015,90.190002,92.300003,89.800003,91.349998
11/25/2015,90.709999,91.32,90.160004,90.870003
11/27/2015,90.25,90.839996,90.050003,90.370003
11/30/2015,90.639999,91.959999,90.440002,91.32
12/1/2015,90.970001,92.650002,90.970001,92.480003
12/2/2015,92.599998,92.690002,90.029999,90.25
12/3/2015,90.809998,91.419998,88.360001,88.849998
12/4/2015,87.900002,89.82,86.489998,89.709999
12/7/2015,87.480003,87.940002,84.900002,87.279999
12/8/2015,85.809998,88,84.25,86.440002
12/9/2015,86.669998,90.139999,86.300003,87.599998
12/10/2015,88,90.459999,87.610001,89.300003
12/11/2015,87.849998,87.910004,86.089996,86.440002
12/14/2015,86.300003,89.589996,85.410004,89.330002
12/15/2015,90.580002,93.400002,90.550003,92.760002
12/16/2015,92.580002,93.82,90.809998,93.440002
12/17/2015,93.5,94,90.400002,90.540001
12/18/2015,90.059998,91.269997,89.300003,89.809998
12/21/2015,90.400002,90.699997,88.209999,89.239998
12/22/2015,89.120003,90.790001,88.300003,90.269997
12/23/2015,92.199997,93.849998,91.57,93.809998
12/24/2015,93.949997,93.949997,92.010002,92.050003
12/28/2015,90.309998,90.720001,89.690002,90.360001
12/29/2015,91.889999,92.580002,91.07,91.25
12/30/2015,90.099998,90.980003,89.889999,90.089996
12/31/2015,89.379997,90.860001,89.019997,89.959999
1/4/2016,89.529999,90.110001,87.57,88.849998
1/5/2016,89.050003,89.650002,87.839996,89.610001
1/6/2016,87.440002,87.779999,85.160004,86.07
1/7/2016,84.550003,85.75,82.669998,83.019997
1/8/2016,83.389999,83.839996,81.220001,82.129997
1/11/2016,82.849998,82.970001,79.769997,80.769997
1/12/2016,82.199997,82.400002,79.690002,82.150002
1/13/2016,83.160004,84.25,80.010002,81.330002
1/14/2016,81.949997,86.169998,80.949997,85.470001
1/15/2016,81.639999,83.809998,80.870003,83.669998
1/19/2016,84.169998,84.75,80.790001,81.510002
1/20/2016,79.980003,80.309998,75.330002,78.980003
1/21/2016,78.800003,81.650002,78.019997,81.050003
1/22/2016,84.459999,85.190002,81.720001,83.540001
1/25/2016,82.290001,84.290001,80.800003,80.889999
1/26/2016,81.970001,84.5,81.349998,84.120003
1/27/2016,83.949997,86.099998,82.360001,83.290001
1/28/2016,85.75,86.690002,83.699997,85.919998
1/29/2016,84.050003,86.709999,82.949997,86.470001
2/1/2016,85.150002,86.089996,84.239998,85.290001
2/2/2016,82.709999,83.040001,80.959999,81.239998
2/3/2016,82.389999,84.629997,79.849998,84.620003
2/4/2016,84.589996,86.190002,83.830002,84.790001
2/5/2016,83.940002,84.290001,82.260002,82.879997
2/8/2016,81.760002,86.699997,81.099998,85.989998
2/9/2016,85.080002,85.790001,82.169998,82.919998
2/10/2016,82.769997,83.900002,81.5,83.040001
2/11/2016,81.599998,83.660004,80.639999,82.989998
2/12/2016,83.800003,85.580002,83.199997,85.43
2/16/2016,85.230003,85.389999,83.309998,84.809998
2/17/2016,85.410004,88.660004,85.019997,88.309998
2/18/2016,88.75,89.25,86.610001,86.730003
2/19/2016,86.330002,86.540001,84.800003,86.5
2/22/2016,86.5,89.839996,86.5,88.82
2/23/2016,88.389999,88.480003,84.699997,84.910004
2/24/2016,83.330002,85.489998,82.900002,85.269997
2/25/2016,85.669998,85.709999,83.739998,85.300003
2/26/2016,86.970001,87.099998,84.279999,84.349998
2/29/2016,84.940002,85.199997,83.07,83.440002
3/1/2016,84.120003,86.529999,83.370003,86.129997
3/2/2016,85.400002,87.18,84.400002,87.139999
3/3/2016,87,87.57,86.050003,87.529999
3/4/2016,87.419998,88.620003,86.699997,87.93
3/7/2016,87.940002,90.760002,87.550003,90.669998
3/8/2016,90.379997,91.080002,88.330002,88.739998
3/9/2016,89.699997,94.639999,89.470001,92.82
3/10/2016,92.790001,93.949997,92.019997,93.940002
3/11/2016,94.949997,96.139999,93.379997,94.580002
3/14/2016,93.57,94.830002,93.089996,94.260002
3/15/2016,93.150002,94.400002,92.25,94.269997
3/16/2016,94.720001,96.139999,93.720001,95.400002
3/17/2016,96.25,97.739998,95.290001,96.889999
3/18/2016,97.849998,97.910004,95.860001,97.690002
3/21/2016,97.019997,97.540001,95.910004,96.440002
3/22/2016,95.75,96.910004,95.32,95.5
3/23/2016,94.720001,94.809998,93.040001,93.589996
3/24/2016,92.540001,94.940002,92.25,94.849998
3/28/2016,94.900002,95.080002,94,94.68
3/29/2016,93.790001,95.389999,92.940002,95.32
3/30/2016,96.349998,96.690002,95.160004,95.25
3/31/2016,95.190002,96.199997,94.949997,95.400002
4/1/2016,93.690002,94.779999,93.32,94.260002
4/4/2016,94.440002,94.480003,93.040001,93.43
4/5/2016,93,93.349998,92.43,92.669998
4/6/2016,93.150002,95,92.82,94.839996
4/7/2016,94.370003,95.029999,94.080002,94.790001
4/8/2016,96.25,96.870003,95.760002,96.330002
4/11/2016,96.870003,97.300003,95.150002,95.239998
4/12/2016,95.690002,97.940002,95.43,97.510002
4/13/2016,97.800003,97.910004,97.029999,97.599998
4/14/2016,97.650002,98.269997,97.360001,97.980003
4/15/2016,97.709999,97.800003,96.959999,97.230003
4/18/2016,97.230003,98.760002,95.519997,98.699997
4/19/2016,99,100.529999,98.160004,100.5
4/20/2016,100.080002,102.540001,99.839996,101.690002
4/21/2016,101.639999,102.800003,101.110001,101.400002
4/22/2016,101.739998,102.5,101.5,102.010002
4/25/2016,101.470001,101.769997,100.830002,101.510002
4/26/2016,102.050003,102.980003,101.709999,102.290001
4/27/2016,102.900002,103.940002,102.379997,103.849998
4/28/2016,103.129997,104.260002,102.050003,102.400002
4/29/2016,101.139999,102.629997,100.610001,102.18
5/2/2016,101.830002,103.849998,101.800003,103.309998
5/3/2016,102.260002,102.349998,101.050003,101.32
5/4/2016,101.059998,102.300003,100.389999,100.589996
5/5/2016,101.849998,102.599998,100.860001,101.419998
5/6/2016,100.839996,102.699997,100.839996,101.860001
5/9/2016,101.620003,101.800003,99.080002,100.349998
5/10/2016,100.639999,101.290001,100.410004,101.269997
5/11/2016,101.239998,101.739998,100.150002,101.139999
5/12/2016,102.150002,102.419998,101.080002,102.120003
5/13/2016,101.629997,102.040001,100.360001,100.739998
5/16/2016,101.870003,102.599998,101.400002,102.290001
5/17/2016,101.07,102.18,100.339996,100.75
5/18/2016,100.900002,101.269997,99.440002,100.059998
5/19/2016,99.260002,100.080002,98.519997,99.849998
5/20/2016,100.300003,100.400002,99.489998,99.790001
5/23/2016,99.18,100.129997,99.07,99.379997
5/24/2016,99.940002,100.760002,99.620003,100.190002
5/25/2016,100.82,101.980003,100.82,101.769997
5/26/2016,101.849998,102.370003,100.970001,101.5
5/27/2016,101.379997,102.110001,100.870003,102.019997
5/31/2016,102.150002,102.279999,100.57,101
6/1/2016,100.239998,101.379997,99.889999,101.129997
6/2/2016,100.400002,100.57,99.720001,100.529999
6/3/2016,100.650002,101.139999,100,100.660004
6/6/2016,101.339996,102.040001,100.919998,101.169998
6/7/2016,101.839996,103.699997,101.610001,103.32
6/8/2016,103.550003,104.080002,102.669998,103.089996
6/9/2016,102.040001,103.129997,102.029999,102.809998
6/10/2016,102.470001,102.970001,101.260002,101.980003
6/13/2016,101.5,103.099998,101.379997,102.099998
6/14/2016,101.760002,102.050003,100.519997,101.279999
6/15/2016,100.629997,101.639999,100.25,100.629997
6/16/2016,99.970001,101.260002,98.769997,101.07
6/17/2016,101.440002,101.739998,100.400002,101.57
6/20/2016,102.879997,103.400002,102.599998,102.610001
6/21/2016,102.690002,103.449997,102.269997,103.239998
6/22/2016,103.5,103.550003,102.190002,102.290001
6/23/2016,103.449997,104.449997,103.07,104.440002
6/24/2016,101.459999,103.010002,101.169998,101.900002
6/27/2016,101.25,101.400002,99.519997,100.360001
6/28/2016,101.220001,102,100.639999,101.629997
6/29/2016,102.519997,104.68,102.300003,103.419998
6/30/2016,103.559998,105,103.279999,104.830002
7/1/2016,104.779999,104.879997,103.779999,104.150002
7/5/2016,103.5,103.870003,102.849998,103.57
7/6/2016,103.260002,104.599998,102.459999,104.580002
7/7/2016,104.889999,105,102.139999,103.050003
7/8/2016,103.879997,104.970001,103,104.769997
7/11/2016,104.809998,106,104.800003,105.389999
7/12/2016,106.300003,107.300003,106.18,106.779999
7/13/2016,106.779999,107.199997,105.860001,106.650002
7/14/2016,107.199997,107.580002,106.43,106.699997
7/15/2016,107.330002,107.540001,106.389999,107.029999
7/18/2016,106.669998,106.75,106.019997,106.089996
7/19/2016,105.980003,106.269997,105.650002,106.040001
7/20/2016,105.93,106.129997,105,105.589996
7/21/2016,105.400002,105.849998,104.870003,105.389999
7/22/2016,105.68,106,105.199997,105.660004
7/25/2016,104.860001,105.110001,102.779999,103.07
7/26/2016,102.57,103.160004,102.080002,102.68
7/27/2016,102.68,103.32,101.800003,102.260002
7/28/2016,102.089996,102.220001,100.980003,101.790001
7/29/2016,100.529999,102.660004,99.849998,102.480003
8/1/2016,101.330002,102.099998,98.620003,99.110001
8/2/2016,99.519997,100.07,97.910004,99.589996
8/3/2016,99.650002,100.639999,99.290001,100.610001
8/4/2016,100.279999,101.080002,100,100.389999
8/5/2016,100.989998,101.07,99.720001,100.510002
8/8/2016,100.989998,101.68,100.720001,101.199997
8/9/2016,101.849998,102,100.769997,101.32
8/10/2016,101.650002,101.809998,99.940002,100.139999
8/11/2016,100.650002,101.860001,100.389999,101.400002
8/12/2016,101.739998,102.330002,101.260002,102.160004
8/15/2016,102.610001,103.059998,102.419998,102.769997
8/16/2016,102.769997,102.93,102.330002,102.620003
8/17/2016,101.5,102.300003,101.019997,102.220001
8/18/2016,102.629997,103.599998,102.059998,103.550003
8/19/2016,103.07,103.129997,102.120003,102.32
8/22/2016,101.75,102.400002,101.239998,101.940002
8/23/2016,102.029999,102.169998,101.5,101.68
8/24/2016,101.400002,102.290001,101.279999,102.199997
8/25/2016,102.290001,102.290001,101.529999,101.889999
8/26/2016,102.110001,102.480003,100.860001,101.32
8/29/2016,101.239998,102.230003,101,102.050003
8/30/2016,102.050003,102.629997,101.370003,101.699997
8/31/2016,101.199997,101.330002,99.919998,100.580002
9/1/2016,100.349998,100.580002,99.470001,100.209999
9/2/2016,100.889999,101.459999,100.260002,100.93
9/6/2016,101.209999,102.610001,100.970001,102.43
9/7/2016,102.75,103.050003,102.239998,102.879997
9/8/2016,103.339996,104.349998,102.470001,104.120003
9/9/2016,103.349998,103.410004,101.230003,101.269997
9/12/2016,101.199997,102.550003,100.57,102.25
9/13/2016,101.650002,101.650002,99.169998,99.43
9/14/2016,99.120003,99.949997,98.169998,98.419998
9/15/2016,98.5,100.389999,98.43,99.5
9/16/2016,98.330002,98.809998,97.529999,97.839996
9/19/2016,98.330002,98.849998,97.989998,98.040001
9/20/2016,98.169998,98.480003,97.68,97.699997
9/21/2016,98.349998,99.690002,98.25,99.629997
9/22/2016,100.519997,100.75,99.839996,99.980003
9/23/2016,99.339996,100.550003,98.870003,99.220001
9/26/2016,99.489998,100.279999,98.660004,98.779999
9/27/2016,98.239998,99.660004,97.790001,98.980003
9/28/2016,99.519997,102.279999,98.75,102.150002
9/29/2016,102,102.269997,100.480003,101.269997
9/30/2016,101.830002,103.599998,101.230003,102.919998
10/3/2016,102.550003,102.830002,101.910004,102.449997
10/4/2016,102.709999,102.919998,100.760002,101.269997
10/5/2016,101.989998,102.870003,101.75,102.230003
10/6/2016,102.32,102.699997,101.339996,102.18
10/7/2016,102.5,103.470001,102.190002,102.269997
10/10/2016,103.209999,104.419998,103.209999,103.980003
10/11/2016,103.779999,104.099998,102.68,103.040001
10/12/2016,102.739998,102.830002,101.599998,102.150002
10/13/2016,101.489998,101.720001,99.610001,100.790001
10/14/2016,101.480003,101.959999,100.610001,101.080002
10/17/2016,100.940002,101.489998,100.620003,101.360001
10/18/2016,101.989998,102.25,101.120003,101.790001
10/19/2016,102.470001,103.699997,102.239998,102.269997
10/20/2016,101.639999,102.220001,100.690002,101.870003
10/21/2016,101.059998,101.559998,100.629997,101.300003
10/24/2016,101.559998,101.580002,100.059998,100.660004
10/25/2016,100.75,101.669998,100.519997,100.769997
10/26/2016,100.32,101.529999,99.870003,101.190002
10/27/2016,101.510002,101.980003,99.919998,99.919998
10/28/2016,101.120003,105.029999,100.949997,103.82
10/31/2016,103.82,105.459999,103.779999,104.75
11/1/2016,105.510002,106.739998,105.449997,106.480003
11/2/2016,105.650002,106.050003,104.25,105.389999
11/3/2016,105.529999,106.190002,104.949997,105.389999
11/4/2016,105.25,105.489998,104.379997,104.779999
11/7/2016,106,106.980003,105.779999,106.849998
11/8/2016,106.57,108.190002,106.419998,107.290001
11/9/2016,106.040001,108.260002,105.690002,107.639999
11/10/2016,107.540001,108.5,107.239998,107.790001
11/11/2016,107.480003,107.650002,105.940002,106.639999
11/14/2016,106.150002,106.730003,105.589996,106.589996
11/15/2016,107.489998,109.059998,107.400002,108.959999
11/16/2016,108.199997,109,107.739998,108.349998
11/17/2016,109,110.099998,107.589996,108.120003
11/18/2016,108.57,109.669998,108.150002,109.199997
11/21/2016,110.360001,111,110.07,110.18
11/22/2016,110.790001,111,109.309998,110.620003
11/23/2016,110.400002,111.470001,110.040001,111
11/25/2016,110.540001,111.220001,110.120003,111
11/28/2016,110.949997,111.57,110.379997,110.5
11/29/2016,109.099998,109.720001,108.400002,109.339996
11/30/2016,112.050003,112.980003,111.300003,111.559998
12/1/2016,112.790001,114.910004,112.529999,113.290001
12/2/2016,113.199997,113.809998,112.279999,113
12/5/2016,113.389999,114.480003,113.029999,113.25
12/6/2016,112.389999,113.489998,112.209999,112.760002
12/7/2016,113.040001,114.480003,112.82,114.440002
12/8/2016,114.730003,115.400002,114.199997,115.169998
12/9/2016,114.989998,115.989998,114.970001,115.809998
12/12/2016,117.769997,118.989998,116.57,117.150002
12/13/2016,117.900002,118.309998,116.029999,117.419998
12/14/2016,116.709999,117.879997,115.760002,115.959999
12/15/2016,115.629997,117.389999,115.360001,117.050003
12/16/2016,117.839996,118.580002,117.419998,118.080002
12/19/2016,118.370003,118.449997,117.419998,117.650002
12/20/2016,117.849998,118.629997,117.669998,117.949997
12/21/2016,118.339996,119,117.860001,117.910004
12/22/2016,117.940002,118.989998,117.769997,118.769997
12/23/2016,118.410004,118.699997,118.050003,118.419998
12/27/2016,118.5,118.900002,118.110001,118.220001
12/28/2016,118.309998,118.860001,117.75,117.910004
12/29/2016,118.010002,118.419998,117.480003,117.82
12/30/2016,117.440002,118.239998,117.309998,117.699997
1/3/2017,118.379997,119,116.589996,117.849998
1/4/2017,118.410004,118.650002,117.599998,117.82
1/5/2017,118,118.480003,116.720001,117.309998
1/6/2017,117.449997,117.580002,116.379997,116.839996
1/9/2017,116.290001,116.360001,115.110001,115.839996
1/10/2017,115.559998,116.389999,114.889999,114.959999
1/11/2017,115.150002,116.449997,114.860001,115.93
1/12/2017,116.5,116.989998,115.410004,116.160004
1/13/2017,115.860001,116.879997,115.610001,116.379997
1/17/2017,116.400002,116.769997,116.110001,116.279999
1/18/2017,115.68,116.040001,115.400002,115.940002
1/19/2017,115.889999,115.959999,115.290001,115.580002
1/20/2017,116.32,116.75,115.339996,115.599998
1/23/2017,115.120003,115.959999,114.989998,115.389999
1/24/2017,115.849998,117.110001,115.610001,116.370003
1/25/2017,116.900002,117.43,116.339996,117.239998
1/26/2017,117.5,117.82,116.5,116.550003
1/27/2017,113.529999,114.699997,112.849998,113.790001
1/30/2017,113.150002,113.800003,110.720001,111.82
1/31/2017,111.889999,112.199997,110.760002,111.349998
2/1/2017,111.199997,111.779999,110.839996,111
2/2/2017,111.169998,112.239998,110.709999,112.209999
2/3/2017,112.410004,114.279999,112.139999,113.57
2/6/2017,113.279999,113.5,112.449997,112.980003
2/7/2017,112.980003,113.099998,111.110001,111.389999
2/8/2017,111.129997,111.790001,110.32,111.580002
2/9/2017,111.580002,112.629997,111.580002,112.260002
2/10/2017,112.75,113.449997,112.370003,113.050003
2/13/2017,113.360001,113.989998,113.050003,113.910004
2/14/2017,112.68,113.07,111.779999,112.519997
2/15/2017,112.209999,113.239998,112.209999,112.57
2/16/2017,112.989998,112.989998,110.43,110.68
2/17/2017,110.419998,110.57,109.269997,110.330002
2/21/2017,110.730003,112.309998,110.599998,111.720001
2/22/2017,111.190002,111.779999,110.309998,110.379997
2/23/2017,111.339996,111.830002,110.75,111.019997
2/24/2017,110.900002,111.019997,109.470001,110.120003
2/27/2017,110.650002,112.269997,110.370003,111.75
2/28/2017,111.660004,112.760002,111.489998,112.5
3/1/2017,112.919998,114.389999,112.879997,113.879997
3/2/2017,113.669998,114.269997,113.309998,113.360001
3/3/2017,113.360001,113.889999,113.209999,113.550003
3/6/2017,113.25,113.5,112.669998,113.169998
3/7/2017,113.540001,113.879997,111.690002,111.809998
3/8/2017,111.68,111.919998,109.400002,109.610001
3/9/2017,109.309998,110.169998,108.510002,110.040001
3/10/2017,111.400002,111.410004,109.440002,110.610001
3/13/2017,110.510002,110.809998,109.309998,109.349998
3/14/2017,108.470001,108.57,107.120003,107.360001
3/15/2017,108.080002,108.980003,107.540001,108.879997
3/16/2017,108.809998,108.879997,107.440002,107.860001
3/17/2017,108,108.419998,107.68,107.68
3/20/2017,107.269997,107.849998,107.019997,107.660004
3/21/2017,108.059998,108.230003,107.400002,108.040001
3/22/2017,107.650002,108.849998,107.519997,108.389999
3/23/2017,108.290001,108.860001,107.75,107.870003
3/24/2017,107.93,108.419998,107.699997,107.989998
3/27/2017,107,107.349998,105.82,106.279999
3/28/2017,106.279999,107.739998,106.120003,107.169998
3/29/2017,106.949997,108.080002,106.879997,108.07
3/30/2017,108.150002,108.68,107.199997,107.779999
3/31/2017,107.699997,108.139999,107.050003,107.370003
4/3/2017,107.220001,107.970001,106.379997,107.800003
4/4/2017,107.879997,108.720001,107.010002,108.660004
4/5/2017,109.650002,110.669998,108.559998,108.639999
4/6/2017,109.120003,109.650002,108.75,109.290001
4/7/2017,109.379997,109.580002,108.669998,108.860001
4/10/2017,109.120003,110.199997,108.970001,109.43
4/11/2017,109.529999,109.540001,108.059998,108.970001
4/12/2017,109.360001,109.360001,108.449997,108.970001
4/13/2017,108.639999,108.739998,105.93,106.099998
4/17/2017,106.169998,106.480003,105.650002,106.169998
4/18/2017,105.809998,106.68,105.32,105.68
4/19/2017,105.889999,106.139999,103.830002,104.230003
4/20/2017,104.400002,105.690002,104.360001,104.879997
4/21/2017,104.800003,105.43,104.290001,104.889999
4/24/2017,105.790001,106.410004,105.370003,105.93
4/25/2017,106.300003,106.970001,106.18,106.730003
4/26/2017,106.400002,107.480003,105.970001,106.080002
4/27/2017,105.959999,105.980003,104.669998,105.470001
4/28/2017,107.050003,107.599998,105.989998,106.699997
5/1/2017,106.260002,106.730003,105.760002,105.919998
5/2/2017,106.110001,106.529999,105.089996,105.360001
5/3/2017,105.360001,107.260002,105.129997,106.720001
5/4/2017,106.239998,106.330002,104.139999,104.809998
5/5/2017,104.919998,105.889999,104.699997,105.790001
5/8/2017,105.93,106.720001,105.82,106.68
5/9/2017,106.510002,106.75,104.82,105.080002
5/10/2017,105.82,106.830002,105.540001,106.5
5/11/2017,107.080002,107.080002,105.629997,106.209999
5/12/2017,106.059998,106.290001,105.480003,105.959999
5/15/2017,107.150002,107.709999,106.68,106.849998
5/16/2017,107.57,107.660004,106.940002,107.25
5/17/2017,106.169998,106.269997,104.620003,104.699997
5/18/2017,104.550003,105.68,103.839996,105.169998
5/19/2017,105.519997,106.519997,105.169998,106.519997
5/22/2017,107.089996,107.089996,105.75,106.120003
5/23/2017,106.07,106.559998,105.980003,106.269997
5/24/2017,106.099998,106.360001,105.730003,106.220001
5/25/2017,106.099998,106.709999,104.720001,105.110001
5/26/2017,105.050003,105.290001,104.599998,104.720001
5/30/2017,104.349998,104.709999,103.75,104.059998
5/31/2017,103.550003,103.889999,103.07,103.480003
6/1/2017,103.690002,104.279999,103.43,104.269997
6/2/2017,103.82,103.940002,102.769997,103.110001
6/5/2017,102.800003,103.580002,102.629997,103.190002
6/6/2017,103.110001,104.449997,102.760002,104.169998
6/7/2017,103.970001,104.43,102.550003,103.769997
6/8/2017,103.769997,104.739998,103.440002,104
6/9/2017,104.010002,106.489998,104.010002,106.400002
6/12/2017,106.400002,108.43,106.400002,108.040001
6/13/2017,108.339996,108.489998,107.160004,108.129997
6/14/2017,107.910004,107.989998,105.739998,106.599998
6/15/2017,106.5,106.800003,105.870003,106.330002
6/16/2017,106.940002,108.360001,106.209999,108.349998
6/19/2017,108.309998,108.379997,107.139999,107.459999
6/20/2017,106.25,106.599998,105.379997,106.480003
6/21/2017,105.889999,106.900002,103.919998,104.489998
6/22/2017,104.480003,105.139999,104.040001,104.449997
6/23/2017,104.25,105.419998,104.239998,105
6/26/2017,105.029999,105.190002,104.029999,104.139999
6/27/2017,104.730003,104.889999,104.029999,104.07
6/28/2017,104.43,104.900002,104.040001,104.279999
6/29/2017,104.379997,105.150002,104.050003,104.120003
6/30/2017,104.529999,104.720001,103.889999,104.330002
7/3/2017,104.239998,106.959999,104.239998,106.300003
7/5/2017,105.989998,106.300003,104.269997,104.620003
7/6/2017,104.669998,105.129997,103.709999,103.82
7/7/2017,103.589996,103.760002,102.809998,103.489998
7/10/2017,103.440002,103.580002,102.599998,103.040001
7/11/2017,103.150002,103.5,102.550003,103.120003
7/12/2017,104,104.75,103.470001,103.889999
7/13/2017,103.800003,104.209999,103.459999,104.129997
7/14/2017,104.379997,104.639999,103.730003,104.440002
7/17/2017,104.32,104.970001,104.080002,104.209999
7/18/2017,104.599998,104.599998,103.510002,103.720001
7/19/2017,103.559998,104.480003,103.510002,104.459999
7/20/2017,105,105.370003,103.82,104.629997
7/21/2017,104.18,104.379997,103.150002,103.25
7/24/2017,103.18,103.57,102.919998,103.199997
7/25/2017,104.449997,105.150002,104.32,104.389999
7/26/2017,104.629997,106.080002,104.199997,105.120003
7/27/2017,104.879997,106.32,104.610001,106.110001
7/28/2017,106.709999,109.129997,106.360001,108.120003
7/31/2017,108.389999,110,108.150002,109.190002
8/1/2017,109.540001,110.970001,109.419998,110.779999
8/2/2017,110.389999,111.199997,109.849998,110.459999
8/3/2017,110.230003,110.449997,109.050003,109.43
8/4/2017,109.43,110.199997,109.43,110.110001
8/7/2017,109.809998,110.290001,109.580002,109.779999
8/8/2017,110,110.709999,109.769997,110.349998
8/9/2017,110.739998,111.410004,110.260002,110.889999
8/10/2017,111.230003,111.440002,110.029999,110.110001
8/11/2017,110.199997,110.489998,109.129997,109.230003
8/14/2017,109.260002,109.82,108.32,108.709999
8/15/2017,108.75,108.900002,107.529999,108.57
8/16/2017,107.629997,107.919998,106.690002,106.839996
8/17/2017,106.610001,106.870003,105.910004,105.919998
8/18/2017,105.839996,107.339996,105.5,106.480003
8/21/2017,106.480003,106.480003,105.300003,105.779999
8/22/2017,105.989998,106.919998,105.809998,106.360001
8/23/2017,106.209999,107.059998,106.110001,106.610001
8/24/2017,106.5,107.669998,106.330002,107.440002
8/25/2017,107.82,108.709999,107.519997,108.230003
8/28/2017,108.540001,108.589996,107.269997,107.760002
8/29/2017,107.43,108.050003,107.040001,107.860001
8/30/2017,107.580002,107.839996,107.099998,107.730003
8/31/2017,108,108.230003,107.5,107.620003
9/1/2017,107.68,109.160004,107.510002,108.760002
9/5/2017,109.360001,110.260002,108.699997,109.440002
9/6/2017,110,112.230003,109.800003,111.790001
9/7/2017,112.18,112.870003,111.360001,111.800003
9/8/2017,111.589996,111.75,110.529999,110.779999
9/11/2017,111.830002,112.57,111.519997,112.519997
9/12/2017,112.82,112.949997,111.860001,112.489998
9/13/2017,112.489998,114.32,112.279999,114.18
9/14/2017,114.260002,115.339996,114.18,114.449997
9/15/2017,114.830002,114.910004,113.629997,114.629997
9/18/2017,114.419998,115.220001,114.32,115.190002
9/19/2017,115.25,116.419998,115.190002,116.339996
9/20/2017,116.5,117.150002,116.199997,116.370003
9/21/2017,116.220001,116.519997,115.830002,116.470001
9/22/2017,116.410004,117.830002,116.269997,117.290001
9/25/2017,117.230003,118.330002,117.019997,117.989998
9/26/2017,117.790001,118.029999,117.25,117.519997
9/27/2017,117.459999,117.599998,116.769997,117.449997
9/28/2017,117.169998,118.129997,117.019997,117.620003
9/29/2017,117.169998,117.519997,116.730003,117.5
10/2/2017,116.419998,117.790001,115.529999,117.43
10/3/2017,117.080002,118.25,117.010002,117.82
10/4/2017,117.82,117.870003,117.129997,117.580002
10/5/2017,117.449997,118.690002,117.330002,118.580002
10/6/2017,117.949997,118.150002,116.800003,117.029999
10/9/2017,117.339996,118.080002,117.010002,117.709999
10/10/2017,118.400002,119.82,118.290001,118.800003
10/11/2017,119.209999,119.519997,118.580002,119.330002
10/12/2017,118.489998,119.650002,118.309998,119.139999
10/13/2017,119.790001,120,119.07,119.160004
10/16/2017,119.839996,120.889999,119.43,120.129997
10/17/2017,120.230003,120.739998,119.830002,120.220001
10/18/2017,119.400002,120.019997,117.989998,118.150002
10/19/2017,118.059998,118.739998,117.949997,118.199997
10/20/2017,118.610001,118.779999,118.07,118.639999
10/23/2017,118.720001,119.300003,118.449997,118.93
10/24/2017,119.480003,119.919998,119.07,119.230003
10/25/2017,119,119.440002,118.150002,118.440002
10/26/2017,118.779999,119,118.139999,118.440002
10/27/2017,116.129997,116.400002,112.57,113.540001
10/30/2017,113.169998,115.099998,112.839996,114.389999
10/31/2017,114.449997,116.379997,113.82,115.889999
11/1/2017,116.300003,116.970001,115.349998,115.900002
11/2/2017,116.209999,116.470001,114.709999,115.330002
11/3/2017,115.480003,115.75,114.730003,114.989998
11/6/2017,115.370003,117.160004,114.989998,117.040001
11/7/2017,117.379997,118,116.480003,117.239998
11/8/2017,116.779999,117.150002,115.900002,116.669998
11/9/2017,115.900002,117.5,115.620003,117.239998
11/10/2017,116.709999,117.309998,116.099998,117.18
11/13/2017,117.220001,117.769997,116.68,117.230003
11/14/2017,116.82,117.260002,116.25,116.919998
11/15/2017,116.209999,117.230003,116.07,116.449997
11/16/2017,115.25,115.82,114.379997,114.57
11/17/2017,114.669998,114.989998,113.900002,114.709999
11/20/2017,114.769997,115.029999,114.440002,114.720001
11/21/2017,115.139999,115.860001,114.919998,115.169998
11/22/2017,115.489998,116.779999,115.32,115.910004
11/24/2017,116.550003,116.849998,116.309998,116.510002
11/27/2017,115.849998,116.029999,115.239998,115.589996
11/28/2017,115.919998,116.809998,115.739998,116.449997
11/29/2017,116.199997,117.25,115.830002,117.18
11/30/2017,117.260002,119.150002,117.230003,118.989998
12/1/2017,119.809998,120.459999,118.519997,119.510002
12/4/2017,119.809998,122.300003,119.370003,120.839996
12/5/2017,120.540001,121.400002,120.150002,120.389999
12/6/2017,119.989998,120.879997,119.519997,119.610001
12/7/2017,119.5,120.099998,118.959999,119.629997
12/8/2017,119.959999,120.239998,119.099998,119.919998
12/11/2017,120.290001,121.110001,120.120003,120.419998
12/12/2017,119.809998,120.739998,119.559998,119.68
12/13/2017,119.43,120.169998,118.68,119.93
12/14/2017,119.809998,120.279999,119.5,119.529999
12/15/2017,120.440002,120.470001,119.510002,119.730003
12/18/2017,119.919998,121.290001,119.620003,119.699997
12/19/2017,120.32,120.75,119.510002,119.839996
12/20/2017,120.279999,121.300003,119.650002,120.889999
12/21/2017,121.389999,125.349998,121.07,124.82
12/22/2017,124.849998,125.650002,124.57,124.980003
12/26/2017,125.230003,126.139999,125.050003,125.980003
12/27/2017,125.959999,126.199997,125.129997,125.550003
12/28/2017,125.690002,125.889999,125.290001,125.580002
12/29/2017,125.360001,125.980003,125.190002,125.190002
1/2/2018,125.709999,127.739998,125.540001,127.580002
1/3/2018,127.459999,128.940002,126.900002,128.509995
1/4/2018,127.949997,128.350006,127.220001,128.110001
1/5/2018,127.970001,128.100006,127.099998,127.900002
1/8/2018,127.860001,128.630005,127.629997,128.529999
1/9/2018,128.429993,128.940002,127.790001,127.839996
1/10/2018,128.309998,128.759995,127.800003,128.660004
1/11/2018,128.919998,133.320007,128.759995,132.570007
1/12/2018,132.190002,133.850006,132.110001,133.600006
1/16/2018,133.669998,133.880005,131.600006,132.009995
1/17/2018,132.190002,132.800003,130.960007,132.360001
1/18/2018,132.350006,132.5,131.029999,131.589996
1/19/2018,131.830002,132,130.210007,131.300003
1/22/2018,131.300003,132.559998,131.279999,132.559998
1/23/2018,132.380005,132.559998,130.729996,131.020004
1/24/2018,131.380005,132.669998,131.070007,131.389999
1/25/2018,131.759995,131.869995,130.339996,130.649994
1/26/2018,130.710007,131.75,130.369995,131.190002
1/29/2018,130.059998,131.580002,128.320007,128.479996
1/30/2018,127.610001,128.009995,125.190002,125.230003
1/31/2018,125.419998,125.82,124.050003,125.349998
2/1/2018,125.599998,125.629997,124.059998,125.57
2/2/2018,123.949997,123.949997,117.639999,118.580002
2/5/2018,116.989998,118.300003,108.019997,112.620003
2/6/2018,111.199997,117.629997,110.760002,117.18
2/7/2018,117.400002,119.269997,115.230003,115.290001
2/8/2018,115.169998,115.889999,112.209999,112.300003
2/9/2018,113.339996,114.620003,109.5,113.5
2/12/2018,114.800003,115.849998,112.910004,113.980003
2/13/2018,113.339996,113.610001,111.860001,113.290001
2/14/2018,112.5,114.050003,111.400002,113.629997
2/15/2018,112.860001,113.019997,110.839996,112.529999
2/16/2018,112.349998,112.940002,111.209999,112.139999
2/20/2018,112.279999,112.760002,110.580002,110.980003
2/21/2018,111.139999,112.059998,109.059998,109.059998
2/22/2018,109.550003,111.440002,108.900002,109.889999
2/23/2018,110.459999,112.739998,110.25,112.589996
2/26/2018,113.18,114.660004,112.849998,114.599998
2/27/2018,114.870003,116.050003,113.610001,113.610001
2/28/2018,115.019997,115.459999,111.879997,111.919998
3/1/2018,111.529999,113.900002,110.970001,112.040001
3/2/2018,111.5,112.18,109.830002,111.639999
3/5/2018,111.400002,113.330002,111.019997,113.150002
3/6/2018,113.849998,115.519997,113.019997,113.650002
3/7/2018,112.949997,115.080002,112.629997,113.839996
3/8/2018,114.599998,114.75,112.599998,113.349998
3/9/2018,114.309998,117.389999,114.239998,117.220001
3/12/2018,117.5,118.349998,116.559998,116.790001
3/13/2018,117.230003,118.18,116,116.459999
3/14/2018,116.980003,117.449997,114.860001,115.129997
3/15/2018,115.360001,116.209999,114.75,115.580002
3/16/2018,115.400002,116.190002,114.559998,115.400002
3/19/2018,115.07,115.230003,113.220001,113.889999
3/20/2018,114.550003,115.699997,114.440002,114.5
3/21/2018,114.980003,118.110001,114.800003,117.040001
3/22/2018,115.550003,115.739998,113.480003,113.699997
3/23/2018,114.370003,115.769997,112.699997,112.980003
3/26/2018,114.239998,115.589996,113.25,115.349998
3/27/2018,115.75,116.860001,113.980003,114.660004
3/28/2018,114.93,115.260002,112.059998,112.099998
3/29/2018,112.290001,114.43,112.279999,114.040001
4/2/2018,113.889999,114.389999,110.540001,112.239998
4/3/2018,112.519997,114.980003,112.089996,114.830002
4/4/2018,113.050003,114.790001,112.43,114.480003
4/5/2018,114.879997,117.889999,114.699997,117.290001
4/6/2018,116.379997,117.010002,113.389999,114.760002
4/9/2018,115.300003,117.169998,114.879997,115.980003
4/10/2018,117.599998,119.830002,117.599998,118.849998
4/11/2018,118.690002,119.379997,117.75,119.25
4/12/2018,119.709999,120.669998,118.650002,119.230003
4/13/2018,119.519997,120.790001,119.220001,119.919998
4/16/2018,120.599998,121.709999,119.769997,120.699997
4/17/2018,120.940002,122,120.559998,121.459999
4/18/2018,122.459999,124.889999,122.400002,123.82
4/19/2018,123.970001,125,123.209999,123.709999
4/20/2018,123.379997,123.459999,121.459999,122.309998
4/23/2018,122,123.610001,121.800003,123.580002
4/24/2018,124.360001,125.040001,121.75,122.540001
4/25/2018,122.339996,122.900002,121.120003,122.720001
4/26/2018,122.669998,124.300003,122.300003,124.220001
4/27/2018,125.5,127.050003,124.68,126.620003
4/30/2018,127.019997,127.900002,125.050003,125.110001
5/1/2018,124.029999,124.919998,123.080002,124.860001
5/2/2018,124.199997,126.470001,124.089996,125.489998
5/3/2018,124.589996,126.120003,123.830002,126.010002
5/4/2018,125.209999,126.839996,124.709999,125.529999
5/7/2018,126.589996,128.399994,124.440002,124.940002
5/8/2018,124.93,126.75,123.629997,126.57
5/9/2018,128.419998,130.419998,128.089996,128.720001
5/10/2018,129.690002,129.779999,128.389999,128.820007
5/11/2018,129.389999,130.759995,128.520004,129.839996
5/14/2018,130.25,131.080002,129.800003,130.389999
5/15/2018,130.240005,130.270004,129.25,129.740005
5/16/2018,129.289993,129.720001,128.300003,129.559998
5/17/2018,128.759995,129.570007,128.380005,129.460007
5/18/2018,128.919998,129.149994,127.800003,127.860001
5/21/2018,128.789993,129.410004,128.270004,129.369995
5/22/2018,129.089996,130.389999,128.100006,128.229996
5/23/2018,127.089996,128.789993,126.550003,128.699997
5/24/2018,127.400002,127.400002,125.849998,126.610001
5/25/2018,124.540001,124.760002,121.220001,122.190002
5/29/2018,121.099998,122.43,120.059998,121.389999
5/30/2018,122.650002,125.669998,122.339996,125.160004
5/31/2018,124.080002,124.82,123.459999,124.300003
6/1/2018,125.489998,125.550003,123.43,123.849998
6/4/2018,124.529999,125.410004,122.169998,122.260002
6/5/2018,122.010002,123.709999,121.550003,122.730003
6/6/2018,123.120003,123.690002,122.059998,123.379997
6/7/2018,124.540001,127.980003,124.410004,126.959999
6/8/2018,127.120003,127.379997,125.68,126.440002
6/11/2018,126.769997,128.190002,125.860001,127.559998
6/12/2018,127.639999,128.380005,126.330002,127.080002
6/13/2018,126.809998,127.82,126.089996,127.07
6/14/2018,127.379997,127.959999,126.379997,126.510002
6/15/2018,127.099998,127.120003,123.839996,124.040001
6/18/2018,124.349998,126.980003,124.099998,125.970001
6/19/2018,124.32,125.889999,123.879997,125.540001
6/20/2018,126.120003,126.459999,124.300003,125.290001
6/21/2018,124.5,124.589996,122.160004,122.589996
6/22/2018,125.410004,126.57,124.82,125.099998
6/25/2018,124.43,124.639999,121.93,122.610001
6/26/2018,123.029999,124.610001,122.57,124.160004
6/27/2018,125.150002,127.419998,125.059998,126
6/28/2018,126.540001,126.860001,125,125.660004
6/29/2018,125.739998,127.730003,125.739998,126.43
7/2/2018,125.279999,125.290001,123.559998,124.25
7/3/2018,125.459999,126.690002,124.550003,124.730003
7/5/2018,126.110001,126.25,123.82,123.980003
7/6/2018,123.519997,124.519997,123.190002,124.139999
7/9/2018,125,126.279999,124.690002,125.989998
7/10/2018,127.330002,128.509995,126.75,127.589996
7/11/2018,126.230003,126.68,122.970001,123.519997
7/12/2018,124.440002,124.949997,123.589996,124.260002
7/13/2018,124.199997,124.879997,123.629997,124.040001
7/16/2018,123.010002,123.879997,121.879997,122.980003
7/17/2018,122.360001,122.959999,121.800003,121.910004
7/18/2018,121.239998,121.669998,119.669998,121.529999
7/19/2018,121.099998,122.139999,121.010002,121.669998
7/20/2018,121.25,122.349998,121.010002,122.269997
7/23/2018,122.349998,123.07,121.160004,121.330002
7/24/2018,121.870003,124.160004,121.860001,123.849998
7/25/2018,123.620003,125.230003,123.269997,124.900002
7/26/2018,124.699997,125.379997,123.800003,123.949997
7/27/2018,122.790001,127.040001,122.080002,125.970001
7/30/2018,126.760002,128.410004,126.220001,127.830002
7/31/2018,128,128.550003,126.129997,126.269997
8/1/2018,125.309998,125.919998,124.75,125.389999
8/2/2018,124.440002,124.809998,123.300003,123.760002
8/3/2018,124.150002,124.25,123.330002,124.050003
8/6/2018,124.419998,124.940002,123.540001,124.300003
8/7/2018,125.540001,125.699997,124.75,125.18
8/8/2018,124.519997,124.790001,123.32,123.879997
8/9/2018,123.959999,124.370003,122.260002,122.529999
8/10/2018,122.169998,123.519997,121.5,123.339996
8/13/2018,123.309998,123.68,122.260002,122.440002
8/14/2018,122.919998,123.650002,122,122.580002
8/15/2018,121.699997,121.730003,117.43,117.940002
8/16/2018,117.699997,118.309998,117.18,117.660004
8/17/2018,118.150002,118.580002,117.089996,117.800003
8/20/2018,118,118.32,117.330002,117.75
8/21/2018,118.379997,118.93,117.790001,117.940002
8/22/2018,118.540001,119.459999,118.419998,118.919998
8/23/2018,118.389999,118.82,117.699997,118.099998
8/24/2018,118.900002,119.540001,118.720001,119.010002
8/27/2018,119.360001,120.480003,119.169998,120.349998
8/28/2018,120.599998,121.339996,119.75,119.860001
8/29/2018,120,120.830002,119.879997,120.220001
8/30/2018,120.080002,120.43,119.550003,119.809998
8/31/2018,119.400002,119.400002,118.089996,118.459999
9/4/2018,118.93,119.629997,118.349998,118.870003
9/5/2018,118.059998,118.940002,117.260002,118.919998
9/6/2018,117.889999,118.510002,115.139999,115.230003
9/7/2018,114.519997,115.349998,113.389999,114.599998
9/10/2018,115.43,115.720001,114.379997,114.480003
9/11/2018,114.339996,115.739998,113.760002,115.019997
9/12/2018,116.419998,117.489998,115.760002,115.790001
9/13/2018,116.010002,116.519997,115.080002,116.300003
9/14/2018,116.43,117.610001,116.349998,117.379997
9/17/2018,117.610001,118.68,117.279999,117.510002
9/18/2018,118.5,118.900002,117.980003,118.129997
9/19/2018,118.330002,120.040001,118.120003,119.510002
9/20/2018,120.190002,121.32,119.110001,119.419998
9/21/2018,119.910004,121.260002,119.410004,121.129997
9/24/2018,121.910004,122.980003,121.57,122.620003
9/25/2018,123.5,124.239998,122.940002,123.370003
9/26/2018,122.989998,123.419998,121.739998,121.949997
9/27/2018,122.160004,123,121.709999,122.470001
9/28/2018,121.989998,123.209999,121.760002,122.279999
10/1/2018,123.110001,124.879997,123.110001,124.389999
10/2/2018,125.07,125.760002,124.32,124.739998
10/3/2018,125.129997,125.839996,124.779999,125.309998
10/4/2018,124.790001,125.589996,124.190002,124.949997
10/5/2018,124.93,125.900002,124.739998,125.330002
10/8/2018,124.050003,125.459999,123.830002,124.839996
10/9/2018,125.510002,127.440002,125.07,126.82
10/10/2018,127.230003,127.599998,122.459999,122.599998
10/11/2018,122.43,122.43,117.540001,118.43
10/12/2018,119.529999,119.68,116.18,117.769997
10/15/2018,117.699997,118.860001,116.910004,116.940002
10/16/2018,117.089996,117.68,116.339996,117.510002
10/17/2018,117.209999,117.690002,116.019997,117.290001
10/18/2018,117.419998,118.139999,116.050003,117.470001
10/19/2018,117.370003,119.260002,117.370003,118.139999
10/22/2018,118.099998,118.489998,116.480003,117.209999
10/23/2018,115.720001,115.720001,112.050003,113.400002
10/24/2018,113.720001,114.18,110.07,110.209999
10/25/2018,111.360001,113.400002,110.43,111.580002
10/26/2018,110.629997,112.470001,109.660004,111.529999
10/29/2018,112.040001,112.07,107.540001,108.93
10/30/2018,109.620003,111.150002,108.150002,110.849998
10/31/2018,111.709999,112.5,111.050003,111.650002
11/1/2018,111.769997,111.989998,110.099998,111.169998
11/2/2018,114.849998,117.110001,113.120003,114.730003
11/5/2018,116.620003,119.669998,116.599998,118.940002
11/6/2018,118.760002,119.43,117.849998,118.900002
11/7/2018,120,121.120003,119.019997,120.870003
11/8/2018,120.650002,121.870003,118.959999,119.360001
11/9/2018,118.220001,120.370003,117.370003,119.510002
11/12/2018,120.900002,121.370003,117.169998,117.389999
11/13/2018,117.300003,117.879997,115.040001,115.349998
11/14/2018,116.879997,117.790001,114.940002,115.720001
11/15/2018,113.660004,117.080002,112.720001,116.949997
11/16/2018,117.5,119.269997,117.269997,119.059998
11/19/2018,118.139999,119.480003,117.900002,119.419998
11/20/2018,119.239998,119.5,115.040001,116.099998
11/21/2018,116.68,119.190002,116.68,117.57
11/23/2018,114.699997,115.220001,112.110001,113.599998
11/26/2018,114.599998,115.440002,114.019997,114.980003
11/27/2018,114.550003,115.660004,114.220001,115.209999
11/28/2018,114.980003,118.279999,114.400002,118.139999
11/29/2018,117.949997,119.730003,117.739998,118.849998
11/30/2018,118.050003,119.209999,117.699997,118.940002
12/3/2018,120.769997,122.43,120.059998,120.669998
12/4/2018,120.599998,121.089996,117.07,117.239998
12/6/2018,115.339996,116.139999,113.029999,115.910004
12/7/2018,117.589996,119.699997,115.190002,115.489998
12/10/2018,115.300003,115.959999,111.669998,114.940002
12/11/2018,116.260002,116.620003,113.949997,115.470001
12/12/2018,117.110001,117.720001,115.57,115.620003
12/13/2018,115.150002,116.32,114.309998,115.940002
12/14/2018,115.010002,115.809998,113.309998,113.830002
12/17/2018,113.440002,114.970001,111.860001,112.449997
12/18/2018,112.629997,113.239998,108.949997,109.739998
12/19/2018,109.910004,111.989998,107.099998,107.830002
12/20/2018,106.809998,108.07,104.190002,104.980003
12/21/2018,103.620003,106.940002,102.910004,104.209999
12/24/2018,103.300003,104.150002,100.910004,100.989998
12/26/2018,101.849998,107.389999,100.220001,107.389999
12/27/2018,105.470001,109.330002,104.879997,109.32
12/28/2018,109.650002,110.360001,108.120003,108.650002
12/31/2018,109.150002,110.239998,107.860001,108.790001
1/2/2019,107.339996,111.68,107.099998,110.690002
1/3/2019,111.059998,111.290001,108.07,108.57
1/4/2019,110.279999,110.989998,109.470001,110.82
1/7/2019,111.059998,112.93,109.919998,112.260002
1/8/2019,113.400002,113.790001,111.669998,111.769997
1/9/2019,112.690002,114,112.449997,113.269997
1/10/2019,112.510002,113.629997,111.709999,113.449997
1/11/2019,113,113.050003,111.669998,112.540001
1/14/2019,111.339996,112.339996,111.080002,111.720001
1/15/2019,111.980003,113.07,111.510002,112.120003
1/16/2019,111.43,112.32,111.220001,111.400002
1/17/2019,110.75,112.290001,110.169998,111.959999
1/18/2019,113.989998,114.650002,113.059998,114.370003
1/22/2019,113.120003,113.449997,111.949997,112.339996
1/23/2019,112.379997,112.669998,110.419998,111.389999
1/24/2019,111.029999,113.82,110.910004,113.510002
1/25/2019,114.059998,114.779999,112.989998,113.220001
1/28/2019,111.910004,112.57,111.07,112.169998
1/29/2019,113.029999,113.349998,111.769997,111.830002
1/30/2019,112.529999,113.650002,111.980003,113.010002
1/31/2019,113.800003,115.410004,113.379997,114.650002
2/1/2019,116.650002,119.25,116.599998,118.370003
2/4/2019,117.5,119.75,116.309998,119.739998
2/5/2019,119.620003,119.860001,118.690002,119.480003
2/6/2019,119,119.589996,118.690002,118.879997
2/7/2019,118.010002,118.510002,116.510002,118.230003
2/8/2019,117.739998,117.889999,115.919998,117.580002
2/11/2019,116.93,117.360001,116.389999,116.949997
2/12/2019,118.330002,118.870003,117.610001,118.720001
2/13/2019,119.160004,120.389999,118.699997,119.57
2/14/2019,118.370003,119.529999,117.660004,118.160004
2/15/2019,119.620003,119.860001,118.589996,119.349998
2/19/2019,118.900002,119.860001,118.459999,119.309998
2/20/2019,119.309998,120.720001,119,120.279999
2/21/2019,120.07,120.32,118.389999,119.139999
2/22/2019,120.279999,120.459999,118.849998,119.389999
2/25/2019,119.410004,120.419998,119.370003,119.620003
2/26/2019,119.809998,120.970001,119.68,119.940002
2/27/2019,120.290001,121.290001,119.889999,120.080002
2/28/2019,120,120.160004,118.489998,119.580002
3/1/2019,120.389999,122.040001,120.169998,122.029999
3/4/2019,122.669998,122.839996,120.550003,122.120003
3/5/2019,121.870003,123.349998,121.589996,123.290001
3/6/2019,123.169998,124.699997,122.300003,123.529999
3/7/2019,123.419998,123.5,121.699997,121.940002
3/8/2019,120.099998,121.93,119.199997,121.620003
3/11/2019,122.870003,124.199997,122.75,123.620003
3/12/2019,123.839996,124.959999,123.379997,123.900002
3/13/2019,124.599998,124.93,123.900002,124.669998
3/14/2019,124.760002,125.459999,124.480003,124.599998
3/15/2019,124.589996,125.419998,124.349998,125.309998
3/18/2019,125.209999,126.129997,125.169998,125.879997
3/19/2019,126.559998,126.919998,124.739998,125.279999
3/20/2019,125.040001,126.339996,124.68,124.690002
3/21/2019,124.870003,125.959999,124.510002,125.860001
3/22/2019,124.849998,124.900002,122.699997,123.089996
3/25/2019,122.93,123.349998,122.309998,122.889999
3/26/2019,123.769997,124.910004,123.379997,124.129997
3/27/2019,123.980003,124.480003,122.019997,122.790001
3/28/2019,122.599998,123.160004,122.360001,123.019997
3/29/2019,124.279999,124.470001,122.489998,123.18
4/1/2019,123.870003,125.269997,123.449997,124.940002
4/2/2019,125.199997,125.440002,124.110001,124.93
4/3/2019,125.220001,125.349998,123.540001,123.889999
4/4/2019,124.010002,124.830002,123.550003,124.800003
4/5/2019,125.25,126.639999,125.199997,126.419998
4/8/2019,126.769997,127.339996,126.230003,126.68
4/9/2019,126.290001,126.290001,125.120003,125.540001
4/10/2019,126.139999,126.57,125.129997,125.489998
4/11/2019,125.339996,126.260002,124.75,125.989998
4/12/2019,121.580002,122,119,119.760002
4/15/2019,120.019997,121.019997,119.330002,120.139999
4/16/2019,120.43,121.32,120.059998,121.169998
4/17/2019,122.199997,122.540001,120.050003,120.269997
4/18/2019,120.519997,120.82,119.099998,119.860001
4/22/2019,120.779999,122.010002,120.449997,121.900002
4/23/2019,121.730003,122.279999,121.349998,122.019997
4/24/2019,121.349998,121.43,118.089996,118.279999
4/25/2019,118.050003,118.699997,117.400002,117.900002
4/26/2019,118.400002,118.5,115.650002,117.099998
4/29/2019,117.010002,118.110001,116.699997,117.720001
4/30/2019,121.099998,121.919998,119.650002,120.059998
5/1/2019,119.800003,120.139999,117.760002,117.809998
5/2/2019,117.279999,118.480003,116.279999,116.379997
5/3/2019,117.690002,118.550003,117.110001,117.269997
5/6/2019,117.5,119.839996,117.470001,118.400002
5/7/2019,117.300003,118.269997,116.5,118.269997
5/8/2019,118.370003,118.480003,117.400002,117.5
5/9/2019,121.120003,122.32,119.860001,121.190002
5/10/2019,121.169998,122.269997,119.830002,121.989998
5/13/2019,121.910004,122.260002,120.010002,120.440002
5/14/2019,120.669998,122.25,120.510002,121.639999
5/15/2019,121.199997,122.489998,120.870003,122.139999
5/16/2019,120.989998,121.550003,120.529999,120.800003
5/17/2019,120.059998,121.110001,119.879997,120.519997
5/20/2019,120.709999,121.209999,120.540001,120.839996
5/21/2019,121.029999,121.940002,120.900002,121.339996
5/22/2019,120.900002,121.440002,120.339996,120.57
5/23/2019,118.809998,118.870003,116.860001,117.870003
